Filename;Brand;Model / Type;kind of PDF;Note(s)
AC_Alloy22_Tri-clamps_SSH_A22_SAFX_A22.pdf;ACL;SSH-SAFX A22;datasheet;
ACL_Anti-galling Clamps.pdf;ACL;Anti-galling Clamps;datasheet;
ADCA_M3H_Three_piece_hygienic_ball_valve_DN_65-100-DIN.pdf;ADCA;M3H DN 65-100-DIN;datasheet;
ADCA_M3H_Three_piece_hygienic_ball_valve_DN10-50-DIN.pdf;ADCA;M3H DN10-50-DIN;datasheet;
ADCA_M3H_Three_piece_hygienic_ball_valve_DN150-BPE.pdf;ADCA;M3H DN150-BPE;datasheet;
ADCA_M3H_Three_piece_hygienic_ball_valve_DN15-50-BPE.pdf;ADCA;M3H DN15-50-BPE;datasheet;
ADCA_M3H_Three_piece_hygienic_ball_valve_DN65-100-BPE.pdf;ADCA;M3H DN65-100-BPE;datasheet;
ADCA_M3HP_Three_piece_high_purity_ball_valve_DN10-50-DIN.pdf;ADCA;M3HP DN10-50-DIN;datasheet;
ADCA_M3HP_Three_piece_high_purity_ball_valve_DN150-BPE.pdf;ADCA;M3HP DN150-BPE;datasheet;
ADCA_M3HP_Three_piece_high_purity_ball_valve_DN15-50-BPE.pdf;ADCA;M3HP DN15-50-BPE;datasheet;
ADCA_M3HP_Three_piece_high_purity_ball_valve_DN65-100-BPE.pdf;ADCA;M3HP DN65-100-BPE;datasheet;
ADCA_M3HP_Three_piece_high_purity_ball_valve_DN65-100-DIN.pdf;ADCA;M3HP DN65-100-DIN;datasheet;
ADCA_P130_Sanitary_pressure_reducing_valve_DN_15-25-BPE-DIN-ISO.pdf;ADCA;P130 DN 15-25-BPE-DIN-ISO;datasheet;
ADCA_P130C_Sanitary_pressure_reducing_valve_BPE-DIN-ISO_DN_15-25.pdf;ADCA;P130C BPE-DIN-ISO DN 15-25;datasheet;
ADCA_P160_Sanitary_pressure_reducing_valve_DN_20-50-BPE.pdf;ADCA;P160 DN 20-50-BPE.pdf;datasheet;
ADCA_P160_Sanitary_pressure_reducing_valve_DN_65-80-BPE.pdf;ADCA;P160 DN 65-80-BPE;datasheet;
ADCA_PS130_Sanitary_pressure_sustaining_valve_DN_15-25-BPE-DIN-ISO.pdf;ADCA;PS130 DN 15-25-BPE-DIN-ISO;datasheet;
ADCA_PS160_Sanitary_pressure_sustaining_valve_DN_20-50-BPE.pdf;ADCA;PS160 DN 20-50-BPE;datasheet;
ADCA_RD40_Disc_check_valve_DN15-100.pdf;ADCA;RD40 DN15-100;datasheet;
ADCA_S11_Clean_steam_humidity_separator_DN_15-50.pdf;ADCA;S11 DN 15-50;datasheet;
ADCA_SC32P_Sample_cooler_clean_steam.pdf;ADCA;SC32P;datasheet;
ADCA_TSS6_Thermostatic_clean_steam_trap_DN_15-40-BPE-DIN-ISO.pdf;ADCA;TSS6 DN 15-40-BPE-DIN-ISO;datasheet;
ADCA_TSS6A_Thermostatic_clean_steam_trap_DN_15-20-BPE.pdf;ADCA;TSS6A DN 15-20-BPE;datasheet;
ADCA_TSS7_Thermostatic_clean_steam_trap_DN_15-25-BPE.pdf;ADCA;TSS7 DN 15-25-BPE;datasheet;
AdvantaSil_APSH_Silicone_Hose.pdf;AdvantaSil;APSHe;brochure / datasheet;
AdvantaSil_APSW_wire_reinforced.pdf;AdvantaSil;APSW;brochure / datasheet;
Aerre_Inox_BIO_Non_return_valve.pdf;Aerre Inox;VRO;datasheet;
Aerre_Inox_LSC-DTS_Sample_Condenser_Rev2.pdf;Aerre Inox;LSC-DTS;datasheet;
Aerre_Inox_VFS_Butterfly_Valve_datasheet.pdf;Aerre Inox;VFS;datasheet;
All_Quickseal_small_cutter.pdf;Sartorius;Quickseal Cutter;brochure;
alpha-pompe-2-sides-AP-A-(AISI_316)-2016.pdf;Alpha Pompe;AP-A;datasheet;
alpha-pompe-3-sides-AP-Aluminium-2016.pdf;Alpha Pompe;AP;datasheet;
AP_AdvantaSil_APSH_Silicone_Hose.pdf;AdvantaSil;APSH;datasheet;
AP_AdvantaSil_APSW_wire_reinforced.pdf;AdvantaSil;APSW;datasheet;
AP_Single_Use_Sensor_Tubing_Assemblies.pdf;AdvantaPure;Sensor Tubing Assemblies;brochure;
AQ_Diaphragm_Replacement_Valve_rev2022.pdf;ARTeSYN;DRV 2;datasheet;
AQ_Pinch_Valve.pdf;ARTeSYN;Pinch Valve;datasheet;
AR_Brochure_asceptic_sampling_valves_VPK-18.pdf;Aerre Inox;Aseptic Sampling Valves;datasheet;
AR_High_purity_ball_valve.pdf;Aerre Inox;High purity ball valve;brochure;
AR_LS3512LED-Luminaire.pdf;Aerre Inox;LS3512LED;datasheet;
AR_MVA-T_TFM_Diaphragm.pdf;Aerre Inox;Diaphragm TFM PTFE - MVA;datasheet;
AR_RRI-RRD_re-usable_hose_connection.pdf;Aerre Inox;RRI-RRD ;datasheet;
AR_Sample_Bottle_manual_instructions_Rev_1.pdf;Aerre Inox;STERILE SAMPLING BOTTLE;datasheet;
AR_Sight_Glass_SLH_See_Through.pdf;Aerre Inox;SLH;datasheet;
AR_Sight_Glass_SLO_flow_indicator_BIO.pdf;Aerre Inox;SLO;datasheet;
AR_Sight-Glass_SLL_SLP.pdf;Aerre Inox;SLL-SLP;datasheet;
AR_SPK-SPH_sight_glass.pdf;Aerre Inox;SPK SPH;datasheet;
AR_Sterile_sampling_bottle_assembly_SSB-13.pdf;Aerre Inox;SSB;brochure;
AR_Tank_bottom_aseptic_valve_VFA-19.pdf;Aerre Inox;VFA-19;brochure;
AR_TK_connect_TKL-A_IN_LINE.pdf;Aerre Inox;TK IN-LINE;datasheet;
AR_TKC-A_ASTM.pdf;Aerre Inox;TKC;datasheet;
AR_TK-Connection_TK-13.pdf;Aerre Inox;TK CONN;brochure;
AR_VAA-075_TANK_BOTTOM-mini.pdf;Aerre Inox;VFAmini;datasheet;
AR_VAZ_Zero_Dead_Leg.pdf;Aerre Inox;VAZ;datasheet;
AR_VPA_Sample_Valve_Dimensions.pdf;Aerre Inox;VPA;datasheet;
AR_VRN-VRH_Spring_Check_Valve.pdf;Aerre Inox;VRN VRH;datasheet;
AR_VSA_TC_NEEDLE_VALVE_Rev4.pdf;Aerre Inox;VSA;datasheet;
AR_VSL_310130_MAN-L-TC_dimensions.pdf;Aerre Inox;VSL 310130;datasheet;
AR_VSL_313030_PN-L-TC_dimensions.pdf;Aerre Inox;VSL 313030;datasheet;
AR_VSS_STANDARD_dimensions.pdf;Aerre Inox;VSS;datasheet;
AR_VST_300130_MAN-T-TC_dimensions.pdf;Aerre Inox;VST 300130;datasheet;
AR_VST_303030_PN-T-TC_dimensions.pdf;Aerre Inox;VST 303030;datasheet;
AR-ingold-tank-fitting.pdf;Aerre Inox;Ingold Fitting 2;datasheet;
BL_Sentry_CIP_Silver.pdf;Blacoh;SENTRY CIP SANITARY FLOW THROUGH DAMPENER;brochure;
BP-Bio-endcaps.pdf;BioPure;BioEndCap;datasheet;
BPE_Solid_End_Cap_with_knob.pdf;;Blind End Cap with knob;datasheet;
Brochure_Pharmaceutical_Bubble_Trap.pdf;;Bubble Trap;brochure;
BSPP_Adaptors_Female_Metric.pdf;;BSPP Adaptors Female Metric;datasheet;
BSPP_Adaptors_Male_Metric.pdf;;BSPP Adaptors Male Metric;datasheet;
BSPT_Adaptors_Male_Metric.pdf;;BSPT Adaptors Male Metric;datasheet;
bulletins-spence-ds100-series-thermostatic-steam-traps-spence.pdf;;BS100 series;datasheet;
C0128 - 010 - SAFX CLAMP SPECIFICATION - N60 HEX NUTS.pdf;;SAFX N60;datasheet;
C0128_-_3_SEG_SAFETY_-_ANTI_GALLING_-_HEX_NUT.pdf;;SAFETY CLAMPS 3 SEG SAF;datasheet;
C-204_Sanitary_Pressure_Gauge.pdf;;Sanitary Pressure Gauge;datasheet;
CAM_Namur_ventiel.pdf;;Solenoid valves Series NA;datasheet;
cdh_datasheet.pdf;;CDH SANITARY THERMOSTATIC STEAM TRAP;datasheet;
cds_datasheet.pdf;;CDS SANITARY THERMOSTATIC STEAM TRAP;datasheet;
CoC_Romy-Flex_EXT_D_-_DB_specimen_voor_RX_website.pdf;;Certificate of conformity;certificate;Adresgegevens aanpassen
COC-Iris-valve-body-ROMYNOX.pdf;;Certificate of conformity;certificate;Adresgegevens aanpassen
COC-Iris-valve-sleeve-ROMYNOX.pdf;;Certificate of conformity;certificate;Adresgegevens aanpassen
COC-Romy-Flex_BRIGHT.pdf;;Certificate of conformity;certificate;Adresgegevens aanpassen
COC-Romy-Flex_EXT_D-DB.pdf;;Certificate of conformity;certificate;Adresgegevens aanpassen
COC-Romy-Flex_PTFE-SIL.pdf;;Certificate of conformity;certificate;Adresgegevens aanpassen
CPC_Aseptiquik_G.pdf;CPC;Aseptiquik G;datasheet;
CPC_Aseptiquik_S.pdf;CPC;Aseptiquik S;datasheet;
CPC_Steam_Thru_connection.pdf;CPC;Steam Thru;datasheet;
CPC-Aseptiquik-G-Spec-Sheet.pdf;CPC;Aseptiquik;datasheet;
CPC-Aseptiquik-S-Spec-Sheet.pdf;CPC;Aseptiquik S;datasheet;
CPC-Aseptiquik-STC-II-Spec-Sheet.pdf;CPC;Septiquik STC II;datasheet;
CPC-MicroCNX-Spec-Sheet.pdf;CPC;MicroCNX;datasheet;
CPC-MPC-Spec-Sheet.pdf;CPC;MPC;datasheet;
CPC-MPU-Spec-Sheet.pdf;CPC;MPU;datasheet;
CPC-MPX-Spec-Sheet.pdf;CPC;MPX;datasheet;
CPC-Steam-Thru-Spec-Sheet.pdf;CPC;Steam Thru;datasheet;
Datasheet_Goetze_series_Hygienic_400.5.pdf;Goetze;Hygienic 400.5;datasheet;
Datasheet_Goetze_Series_Hygienic_400.pdf;Goetze;Hygienic 400;datasheet;
Datasheet_Goetze_series_Hygienic_4000.pdf;Goetze;Hygienic 4000;datasheet;
Datasheet_Goetze_series_Hygienic_4020.pdf;Goetze;Hygienic 4020;datasheet;
Datasheet_Goetze_series_Hygienic_4040.pdf;Goetze;Hygienic 4040;datasheet;
Datasheet_Goetze_series_Hygienic_4060.pdf;Goetze;Hygienic 4060;datasheet;
datasheet-iris-valve.pdf;ROMYNOX;IRIS Valve;datasheet;
Datasheet-Romy-Flex-DB-1.pdf;ROMYNOX;ROMY-FLEX DB 1;datasheet;
Datasheet-Romy-Flex-PTFE-SIL.pdf;ROMYNOX;ROMY-FLEX PTFE SIL;datasheet;
DD03-GE7.pdf;Diaphragm Direct;DD03-GE7;datasheet;
DD03-GTFML.pdf;Diaphragm Direct;DD03-GTFML;datasheet;
DD03-IE7.pdf;Diaphragm Direct;DD03-IE7;datasheet;
DD03-ITFM.pdf;Diaphragm Direct;DD03-ITFM;datasheet;
DD03-SE7.pdf;Diaphragm Direct;DD03-SE7;datasheet;
DD03-SE7-T.pdf;Diaphragm Direct;DD03-SE7-T;datasheet;
DD03-SFPM.pdf;Diaphragm Direct;DD03-SFPM;datasheet;
DD03-SFPM-T.pdf;Diaphragm Direct;DD03-SFPM-T;datasheet;
DD03-STFML.pdf;Diaphragm Direct;DD03-STFML;datasheet;
DD03-STFML-T.pdf;Diaphragm Direct;DD03-STFML-T;datasheet;
DD05-IE7.pdf;Diaphragm Direct;DD05-IE7;datasheet;
DD05-ITFM.pdf;Diaphragm Direct;DD05-ITFM;datasheet;
DD05-SE7.pdf;Diaphragm Direct;DD05-SE7;datasheet;
DD05-SE7-T.pdf;Diaphragm Direct;DD05-SE7-T;datasheet;
DD05-SFPM.pdf;Diaphragm Direct;DD05-SFPM;datasheet;
DD05-SFPM-T.pdf;Diaphragm Direct;DD05-SFPM-T;datasheet;
DD05-STFM.pdf;Diaphragm Direct;DD05-STFM;datasheet;
DD05-STFM-C.pdf;Diaphragm Direct;DD05-STFM-C;datasheet;
DD07-GE7.pdf;Diaphragm Direct;DD07-GE7;datasheet;
DD07-GTFML.pdf;Diaphragm Direct;DD07-GTFML;datasheet;
DD07-IE7.pdf;Diaphragm Direct;DD07-IE7;datasheet;
DD07-ITFM.pdf;Diaphragm Direct;DD07-ITFM;datasheet;
DD07-SE7.pdf;Diaphragm Direct;DD07-SE7;datasheet;
DD07-SE7-T.pdf;Diaphragm Direct;DD07-SE7-T;datasheet;
DD07-SFPM.pdf;Diaphragm Direct;DD07-SFPM;datasheet;
DD07-SFPM-T.pdf;Diaphragm Direct;DD07-SFPM-T;datasheet;
DD07-STFM.pdf;Diaphragm Direct;DD07-STFM;datasheet;
DD07-STFM-C.pdf;Diaphragm Direct;DD07-STFM-C;datasheet;
DD10-GE7.pdf;Diaphragm Direct;DD10-GE7;datasheet;
DD10-GTFM.pdf;Diaphragm Direct;DD10-GTFM;datasheet;
DD10-GTFM-E.pdf;Diaphragm Direct;DD10-GTFM-E;datasheet;
DD10-GTFML.pdf;Diaphragm Direct;DD10-GTFML;datasheet;
DD10-IE7.pdf;Diaphragm Direct;DD10-IE7;datasheet;
DD10-ITFM.pdf;Diaphragm Direct;DD10-ITFM;datasheet;
DD10-SE7.pdf;Diaphragm Direct;DD10-SE7;datasheet;
DD10-SFPM.pdf;Diaphragm Direct;DD10-SFPM;datasheet;
DD10-STFM.pdf;Diaphragm Direct;DD10-STFM;datasheet;
DD10-STFM-C.pdf;Diaphragm Direct;DD10-STFM-C;datasheet;
DD15-GE7.pdf;Diaphragm Direct;DD15-GE7;datasheet;
DD15-GTFM.pdf;Diaphragm Direct;DD15-GTFM;datasheet;
DD15-GTFM-E.pdf;Diaphragm Direct;DD15-GTFM-E;datasheet;
DD15-GTFML.pdf;Diaphragm Direct;DD15-GTFML;datasheet;
DD15-ITFM.pdf;Diaphragm Direct;DD15-ITFM;datasheet;
DD15-SE7.pdf;Diaphragm Direct;DD15-SE7;datasheet;
DD15-SFPM.pdf;Diaphragm Direct;DD15-SFPM;datasheet;
DD15-STFM.pdf;Diaphragm Direct;DD15-STFM;datasheet;
DD15-STFM-C.pdf;Diaphragm Direct;DD15-STFM-C;datasheet;
DD20-GE7.pdf;Diaphragm Direct;DD20-GE7;datasheet;
DD20-GTFM.pdf;Diaphragm Direct;DD20-GTFM;datasheet;
DD20-GTFM-E.pdf;Diaphragm Direct;DD20-GTFM-E;datasheet;
DD20-GTFML.pdf;Diaphragm Direct;DD20-GTFML;datasheet;
DD20-IE7.pdf;Diaphragm Direct;DD20-IE7;datasheet;
DD20-ITFM.pdf;Diaphragm Direct;DD20-ITFM;datasheet;
DD20-SE7.pdf;Diaphragm Direct;DD20-SE7;datasheet;
DD20-SFPM.pdf;Diaphragm Direct;DD20-SFPM;datasheet;
DD20-STFM.pdf;Diaphragm Direct;DD20-STFM;datasheet;
DD20-STFM-C.pdf;Diaphragm Direct;DD20-STFM-C;datasheet;
DD25-IE7.pdf;Diaphragm Direct;DD25-IE7;datasheet;
DD25-ITFM.pdf;Diaphragm Direct;DD25-ITFM;datasheet;
DD25-SE7.pdf;Diaphragm Direct;DD25-SE7;datasheet;
DD25-SFPM.pdf;Diaphragm Direct;DD25-SFPM;datasheet;
DD25-STFM.pdf;Diaphragm Direct;DD25-STFM;datasheet;
DD30-GE7.pdf;Diaphragm Direct;DD30-GE7;datasheet;
DD30-GTFM.pdf;Diaphragm Direct;DD30-GTFM;datasheet;
DD30-GTFM-E.pdf;Diaphragm Direct;DD30-GTFM-E;datasheet;
DD30-GTFML.pdf;Diaphragm Direct;DD30-GTFML;datasheet;
DD30-IE7.pdf;Diaphragm Direct;DD30-IE7;datasheet;
DD30-ITFM.pdf;Diaphragm Direct;DD30-ITFM;datasheet;
DD30-SE7.pdf;Diaphragm Direct;DD30-SE7;datasheet;
DD30-SFPM.pdf;Diaphragm Direct;DD30-SFPM;datasheet;
DD30-STFM.pdf;Diaphragm Direct;DD30-STFM;datasheet;
DD40-GE7.pdf;Diaphragm Direct;DD40-GE7;datasheet;
DD40-GTFM.pdf;Diaphragm Direct;DD40-GTFM;datasheet;
DD40-GTFML.pdf;Diaphragm Direct;DD40-GTFML;datasheet;
DD40-IE7.pdf;Diaphragm Direct;DD40-IE7;datasheet;
DD40-ITFM.pdf;Diaphragm Direct;DD40-ITFM;datasheet;
DD40-SE7.pdf;Diaphragm Direct;DD40-SE7;datasheet;
DD40-SFPM.pdf;Diaphragm Direct;DD40-SFPM;datasheet;
DD40-STFM.pdf;Diaphragm Direct;DD40-STFM;datasheet;
DD60-IE7.pdf;Diaphragm Direct;DD60-IE7;datasheet;
DD60-ITFM.pdf;Diaphragm Direct;DD60-ITFM;datasheet;
Declaration_of_compliance_fittings.pdf;;Declaration of compliance fittings;certificate;Adresgegevens aanpassen
Declaration_of_conformity_EZI-clamp.pdf;;Declaration of conformity EZI clamp;certificate;Adresgegevens aanpassen
DS-000003_EN_REV_E_Kest_Mixer_KM.pdf;Kest;Mixer KM;brochure / datasheet;
ds100_ds110_datasheet.pdf;;DS100-DS110 Steam Trap;datasheet;
e295de_en_operation_manual.pdf;SED ;KMA 295 Manual;manual;
ED_Ezi_Flow_CSV4_All_Plastic.pdf;EZIDOCK;EZIFLOW CSV4 All Plastic;brochure;
ED_Ezi-Flow_CSV4.pdf;EZIDOCK;EZIFLOW CSV4;brochure;
ED_Ezi-Strap_Liner_Tie_System.pdf;EZIDOCK;Ezi-Strap;brochure;
ED_Flexible_Chargebags.pdf;EZIDOCK;Flexible Chargebags;datasheet;
ED_Pharma_Process_Bottles.pdf;EZIDOCK;Pharma Process Bottles;datasheet;
ED_PharmaPureAS.pdf;EZIDOCK;PharmaPure AS range;datasheet;
ED_UV-C_Aseptic_System.pdf;EZIDOCK;EZIFLOW CSV4 UVC;brochure;
End_Cap_with_knob.pdf;;Blind End Cap with knob;datasheet;
EPDM_Gaskets.pdf;;EPDM Gaskets;datasheet;
Ferrules_14_MPW_TANK.pdf;;14 MPW TANK Ferrules;datasheet;
Ferrules_ASME_BPE.pdf;;ASME BPE Ferrules;datasheet;
Ferrules_BS_4825-3.pdf;;BS 4825-3 Ferrules;datasheet;
Ferrules_BS_Schedule_10.pdf;;BS Schedule 10 Ferrules;datasheet;
Ferrules_BS_Schedule_40.pdf;;BS Schedule 40 Ferrules;datasheet;
Ferrules_BS_Schedule_5.pdf;;BS Schedule 5 Ferrules;datasheet;
Ferrules_DIN_32676_series_1.pdf;;DIN 32676 series 1;datasheet;
Ferrules_DIN_32676_series_2.pdf;;DIN 32676 series 2 Ferrules;datasheet;
Ferrules_DIN_32676_series_3.pdf;;DIN 32676 series 3 Ferrules;datasheet;
Ferrules_ISO_1127.pdf;;ISO 1127 Ferrules;datasheet;
Ferrules_ISO_2037.pdf;;ISO 2037 Ferrules;datasheet;
Ferrules_SMS_3008.pdf;;SMS 3008 Ferrules;datasheet;
Ferrules_SMS_3017.pdf;;SMS 3017 Ferrules;datasheet;
Ferrules_SWG.pdf;;SWG Ferrules;datasheet;
Fike_AGT_SC_Bursting_Discs.pdf;Fike;AGT SC;datasheet;
Fike_Axius_SC_Sanitary_Rupture_Disc.pdf;Fike;Type AXIUS SC;datasheet;
Fike_Burst_Check_Line.pdf;Fike;Burst Check Line;datasheet;
Fike_Burst_indicators.pdf;Fike;Burst Indicator;datasheet;
Fike_Lo-V_Rupture_Disc.pdf;Fike;Rupture Disc;datasheet;
fl-sonocheck-abd06-biotech-en-sonotec.pdf;SONOTEC;SONOCHECK ABD06;;
fl-ultrasonic-sensors-for-bioprocess-and-pharma-en-sonotec.pdf;SONOTEC;Ultrasonic Sensors;;
Fout_gebruikte_epdm_pakking.pdf;;Fout_gebruikte_epdm_pakking;;
Instruction_Manual_2-wire_programmable_transmitter.pdf;;2-WIRE PROGRAMMABLE TRANSMITTER 5333A;manual;
IOM_61-65_RP-XP.ING.r0.pdf;Vinco;RP-XP Series;manual;
KEST_DS-0000002BKest_Mixer_KMS.pdf;KEST;Mixer KMS;datasheet;
KEST_DS-000001A-Sampling-Unit-KSU.pdf;KEST;Sampling Unit;datasheet;
KEST_DS-000005B_Kest_Mixer_RM.pdf;KEST;Mixer KMS;datasheet;
KEST_DS-000009D-Kest-Lock.pdf;KEST;Kest-Lock;brochure;
KEST_DS-000009D-Kest-Lock_Pipe_Adapter_Flange-.pdf;KEST;Kest-Lock Pipe Adapter Flange;datasheet;
KEST_DS-000009D-Kest-Lock_Pipe_Flange.pdf;KEST;Kest-Lock Pipe Flange;datasheet;
KEST_DS-000009D-Kest-Lock_Pipe_Inline.pdf;KEST;Kest-Lock Pipe Inline;datasheet;
KEST_DS-000009D-Kest-Lock_Pipe_inline_Double.pdf;KEST;Kest-Lock Pipe Inline Double;datasheet;
KEST_DS-000009D-Kest-Lock_Pipe_Panel_Flange.pdf;KEST;Kest-Lock Pipe Panel Flange;datasheet;
KEST_DS-000009D-Kest-Lock_Snap_Ring_Basic_Ring.pdf;KEST;Kest-Lock Snap and Basic;datasheet;
KEST_DS-000009D-Kest-Lock_Tank_Flange.pdf;KEST;Kest-Lock Tank Flange;datasheet;
KEST_DS-000011A_Kest_Mixer_KM_ATEX.pdf;KEST;Mixer KM ATEX;datasheet;
KEST-KM1MBDS-2009_00-Male-bearing.pdf;KEST;Male bearing, KM1-MB-ZrO2;datasheet;
Kest-ProFlow-Mixer-Datasheet.pdf;KEST;;datasheet;
LEF_limit_switch_box.pdf;;;datasheet;
Mer_ARMORVIN-HNA.pdf;;;datasheet;
Metaglas sight glass Type 80.pdf;Metaglas;;datasheet;
Metaglas Type 80.NA Sight Glass.pdf;Metaglas;;datasheet;
Metaglas Type 99.NA Sight Glass.pdf;Metaglas;;datasheet;
Metaglas.80.ETW_03.06.19-E.pdf;Metaglas;;datasheet;
Metaglas_operating__maintenance_instructions.pdf;Metaglas;;datasheet;
Metaglas_Type_80SL_Datasheet_2022.pdf;Metaglas;;datasheet;
Metaglas_Type_83_Datasheet_2022.pdf;Metaglas;;datasheet;
Metaglas_Type_83USL33_with_light_datasheet.pdf;Metaglas;;datasheet;
Metaglas_Type_84_Datasheet_2022.pdf;Metaglas;;datasheet;
Metaglas_Type_84USL33_with_light_datasheet.pdf;Metaglas;;datasheet;
Metaglas_Type_85_Datasheet_2022.pdf;Metaglas;;datasheet;
Metaglas_Type_85USL33_with_light_datasheet.pdf;Metaglas;;datasheet;
Metaglas_Type_89_Datasheet_2022.pdf;Metaglas;;datasheet;
Metaglas_Type_99ING_Datasheet_2022.pdf;Metaglas;;datasheet;
Metaglas_Type_99NBC_Datasheet_2022.pdf;Metaglas;;datasheet;
MI_CL4_check_valve.pdf;Meca-Inox;;datasheet;
MI_Electric_Actuators.pdf;Meca-Inox;;datasheet;
MI_manual_operation.pdf;Meca-Inox;;datasheet;
MI_PN4_ball_valve_Romynox.pdf;Meca-Inox;;datasheet;
MI_Pneumatic_Actuators.pdf;Meca-Inox;;datasheet;
MI_PS4_DBB_double-block-and-bleed.pdf;Meca-Inox;;datasheet;
MI_PS4_PN4_PZ4_PP4_ball_valve_Romynox.pdf;Meca-Inox;;datasheet;
MI_PS4_PN4_PZ4_PP4_PY4_Pneumatic_actuated.pdf;Meca-Inox;;datasheet;
MI_PS4-3-Way_ball_valve.pdf;Meca-Inox;;datasheet;
MI_PS4-B4_flange.pdf;Meca-Inox;;datasheet;
MI_PS4-FC_tank_bottom_valve.pdf;Meca-Inox;;datasheet;
MI_PS4-PE_sampling_ball_valve.pdf;Meca-Inox;;datasheet;
MI_PY4_ball_valve.pdf;Meca-Inox;;datasheet;
MI_PZ4_v_ball_valve.pdf;Meca-Inox;;datasheet;
MI_PZ4-ET_Steam_jacketed_ball_valve.pdf;Meca-Inox;;datasheet;
MI_Seats_material.pdf;Meca-Inox;;datasheet;
MI_Seats_material_PY.pdf;Meca-Inox;;datasheet;
MI_Solenoid_Valve_ASCO.pdf;Meca-Inox;;datasheet;
MI_Solenoid_Valve_Burkert.pdf;Meca-Inox;;datasheet;
MI_spare_parts.pdf;Meca-Inox;;datasheet;
MI_VC4_sight_glass.pdf;Meca-Inox;;datasheet;
Mushroom_vents.pdf;ROMYNOX;;datasheet;
NA_Silbrade_Silcon_romynox.pdf;;;datasheet;
NG_010_discharge_capacities.pdf;;;datasheet;
NG_019_discharge_capacity.pdf;;;datasheet;
NG_Typ010_romynox.pdf;;;datasheet;
NG_Typ010GB_romynox.pdf;;;datasheet;
NG_Typ019_romynox.pdf;;;datasheet;
NG_Typ019GB_romynox.pdf;;;datasheet;
NG_Typ070SKG_Pressure_Reducing_Valve.pdf;;;datasheet;
NG_Typ070SKK_Pressure_Reducing_Valve.pdf;;;datasheet;
NG_Typ070SKM_Pressure_Reducing_Valve.pdf;;;datasheet;
NG_Typ070SKS_Pressure_Reducing_Valve.pdf;;;datasheet;
NG_Typ070SMG_Pressure_Reducing_Valve.pdf;;;datasheet;
NG_Typ070SMK_Pressure_Reducing_Valve.pdf;;;datasheet;
NG_Typ070SMS_Pressure_Reducing_Valve.pdf;;;datasheet;
NG_Typ090_romynox.pdf;;;datasheet;
NM_CPT100_PharmaLok_Tube_Clamp.pdf;;;datasheet;
NM_Fitting_catalogue_028.pdf;;;brochure;
NM_Fitting_catalogue_028_107.pdf;;;brochure;
NM_vp_pharmalok_DS.pdf;;;datasheet;
NPT_Adaptors_Female_Metric.pdf;;;datasheet;
Orifice_Spools.pdf;;;datasheet;
PTFE_Envelope_Gaskets.pdf;;;datasheet;
PTFE_Gaskets.pdf;;;datasheet;
QF_EZ-Set_Flyer_A4_WEB.pdf;QuattroFlow;;datasheet;
QF_QF10k-Flyer.pdf;QuattroFlow;;datasheet;
QF_QF150S-Spec-Sheet_Multi-Use_diaphragm_pumps.pdf;QuattroFlow;;datasheet;
QF_QF20k_Quattroflow_Multi-use_diaphragm_pumps.pdf;QuattroFlow;;datasheet;
QF_qf30-su-single-use-diaphragm-pump.pdf;QuattroFlow;;datasheet;
QF_QF5050SU_QuattroFlow_single-use_diaphragm_pumps.pdf;QuattroFlow;;datasheet;
QF_Spec_Sheet_QF20kSU_Single-Use_diaphragm_pumps.pdf;QuattroFlow;;datasheet;
QF1200HT_flyer.pdf;QuattroFlow;;datasheet;
QF1200HT_Multiple-Use_datasheet.pdf;QuattroFlow;;datasheet;
QF1200HT_Single-Use_datasheet.pdf;QuattroFlow;;datasheet;
QF150SU_Spec-Sheet.pdf;QuattroFlow;;datasheet;
QF2500_Flyer_A4.pdf;QuattroFlow;;datasheet;
QF4400HT-QF4400SU-HT-Flyer.pdf;QuattroFlow;;datasheet;
Quattroflow Q-Control flyer.pdf;QuattroFlow;;datasheet;
Quattroflow_QF5050S-Multi-use_Diaphragm_pumps.pdf;QuattroFlow;;datasheet;
Quattroflow_QF5K_flyer_1.pdf;QuattroFlow;;datasheet;
Quattroflow-QF1200S.pdf;QuattroFlow;;datasheet;
R14303NL_Axius_SC_Sanitary_Rupture_Disc.pdf;;;datasheet;
RF_Biological-Indicator-gasket_datasheet_2021.pdf;Rubber Fab;Biological indicator gasket;datasheet;
RF_Gauge-Guard-Isolator_gaskets.pdf;Rubber Fab;Gauge protection system;datasheet;
RF_Gylon_Bio-Pro_One-Pager.pdf;Rubber Fab;Gylon Bio-Pro;datasheet;
RF_Gylon_Bio-Pro-Plus_One-Pager.pdf;Rubber Fab;;datasheet;
RF_Kalrez_Gasket.pdf;Rubber Fab;;datasheet;
RF_Laser-Engraved.pdf;Rubber Fab;;brochure;
RF_Orifice-Plates.pdf;Rubber Fab;;datasheet;
RF_PTFE_Envelope_Gaskets.pdf;Rubber Fab;;datasheet;
RF_Sanitary_Thermocouple_Clamp.pdf;Rubber Fab;;datasheet;
RF_Screen-gaskets.pdf;Rubber Fab;;brochure;
RF_Smart_Trakr.pdf;Rubber Fab;;datasheet;
RF_SmartClamp.pdf;Rubber Fab;;datasheet;
RF_Smart-Gasket.pdf;Rubber Fab;;datasheet;
RF_Smart-Gasket_datasheet_2021.pdf;Rubber Fab;;datasheet;
RF_Spore_Trap_Slotted_Clamp.pdf;Rubber Fab;;datasheet;
RF_Steam_trap_orifice_plates.pdf;Rubber Fab;;datasheet;
RF_Torque-Rite.pdf;Rubber Fab;;brochure;
RF_Tuf-Flex.pdf;Rubber Fab;;datasheet;
RF_TufSteel.pdf;Rubber Fab;;datasheet;
RF_V2B-Gaskets.pdf;Rubber Fab;;datasheet;
Ro_TD2CA_Steam_Traps.pdf;Rubber Fab;;datasheet;
romy-flex_bright_wire_reinforced_silicone_hose.pdf;ROMYNOX;ROMY-FLEX BRIGHT;datasheet;
romy-flex_EXT-D_braid_reinforced_silicone_hose.pdf;ROMYNOX;ROMY-FLEX EXT-D;;
romynox_hose-storage-racks.pdf;ROMYNOX;Hose storage rack;datasheet;
Romynox_mousehole_rev-7-19.pdf;ROMYNOX;Mousehole;datasheet;
Romynox_Sterile_sampling_bottle.pdf;ROMYNOX;;technical drawing;
Romynox-thermometer.pdf;ROMYNOX;;datasheet;
ROMYNOX-Torque-Tools.pdf;ROMYNOX;;brochure;
Rupture_Dics_outlet.pdf;;;datasheet;
RX_Adapter_TriClamp-Push-on.pdf;;Adaptor tri-clamp to push-on;datasheet;
RX_Adaptor_TriClamp-BSPP_Thread_Female.pdf;;Adaptor BSPP thread female to tri-clamp;datasheet;
RX_Adaptor_TriClamp-BSPP_Thread_Male.pdf;;Adaptor BSPP thread male to tri-clamp;datasheet;
RX_Adaptor_TriClamp-BSPT_Thread_Male.pdf;;;datasheet;
RX_Adaptor_TriClamp-compression_fitting.pdf;;;datasheet;
RX_Adaptor_TriClamp-Hose-tail.pdf;;;datasheet;
RX_Adaptor_TriClamp-NPT_Thread_Female.pdf;;;datasheet;
RX_Adaptor_TriClamp-NPT_Thread_Male.pdf;;;datasheet;
RX_Adaptor_TriClamp-Push-in.pdf;;;datasheet;
RX_ASME_BPE_Concentric_Reducer_DT-4_1_3-3_DT-21c.pdf;;;datasheet;
RX_ASME-BPE_180°_Return_Bend_DT-4-1-1-7_DT-23.pdf;;;datasheet;
RX_ASME-BPE_180°_Return_Bend_DT-4-1-1-8_DT-24.pdf;;;datasheet;
RX_ASME-BPE_45-deg_Elbow_DT-4-1-1-4_DT-8.pdf;;;datasheet;
RX_ASME-BPE_45-deg_Elbow_DT-4-1-1-6_DT-17.pdf;;;datasheet;
RX_ASME-BPE_90-deg_Elbow_DT-4-1-1-1_DT-7.pdf;;;datasheet;
RX_ASME-BPE_90-deg_Elbow_DT-4-1-1-3_DT-16.pdf;;;datasheet;
RX_ASME-BPE_Cap_DT-4-1-5-1_DT-30.pdf;;;datasheet;
RX_ASME-BPE_Concentric_Reducer_DT-4_1_3-3_DT-21c.pdf;;;datasheet;
RX_ASME-BPE_Concentric_Reducer_DT-4-1-3-1_DT-11c.pdf;;;datasheet;
RX_ASME-BPE_Concentric_Reducer_DT-4-1-3-2_DT-26c.pdf;;;datasheet;
RX_ASME-BPE_Concentric_Reducer_DT-4-1-3-3_DT-21c.pdf;;;datasheet;
RX_ASME-BPE_Eccentric_Reducer_DT-4-1-3-1_DT-11e.pdf;;;datasheet;
RX_ASME-BPE_Eccentric_Reducer_DT-4-1-3-2_DT-26e.pdf;;;datasheet;
RX_ASME-BPE_Eccentric_Reducer_DT-4-1-3-3_DT-21e.pdf;;;datasheet;
RX_ASME-BPE_Ferrule_DT-4-1-4-1_DT-22.pdf;;;datasheet;
RX_ASME-BPE_Hygienic_Clamp_Joint_45-deg_Elbow_DT-4-1-1-5_DT-13.pdf;;;datasheet;
RX_ASME-BPE_Hygienic_Clamp_Joint_90-deg_Elbow_DT-4-1-1-2_DT-12.pdf;;;datasheet;
RX_ASME-BPE_Instrument_Tee_DT-4-1-2-10_DT-28.pdf;;;datasheet;
RX_ASME-BPE_Instrument_Tee_DT-4-1-2-11_DT-29.pdf;;;datasheet;
RX_ASME-BPE_Reducing_Tee_DT-4-1-2-6_DT-10.pdf;;;datasheet;
RX_ASME-BPE_Reducing_Tee_DT-4-1-2-8_DT-19.pdf;;;datasheet;
RX_ASME-BPE_Short_Outlet_Hygienic_Clamp_Joint_Redu-_Tee_DT-4-1-2-7_DT-14.pdf;;;datasheet;
RX_ASME-BPE_Short_Outlet_Hygienic_Clamp_Joint_Tee_DT-4-1-2-2_DT-15.pdf;;;datasheet;
RX_ASME-BPE_Short_Outlet_Reducing_Tee_DT-4-1-2-9_DT-20.pdf;;;datasheet;
RX_ASME-BPE_Short_Outlet_Run_Tee_DT-4-1-2-3_DT-25.pdf;;;datasheet;
RX_ASME-BPE_Short_Outlet_Tee_DT-4-1-2-5_DT-27.pdf;;;datasheet;
RX_ASME-BPE_Solid_End_Cap_DT-4-1-5-2_DT-31.pdf;;;datasheet;
RX_ASME-BPE_Straight_Cross_DT-4-1-2-1_DT-9C.pdf;;;datasheet;
RX_ASME-BPE_Straight_Cross_DT-4-1-2-4_DT-18C.pdf;;;datasheet;
RX_ASME-BPE_Straight_Tee_DT-4-1-2-1_DT-9.pdf;;;datasheet;
RX_ASME-BPE_Straight_Tee_DT-4-1-2-4_DT-18.pdf;;;datasheet;
RX_Butterfly_valve_PTFE_Seat.pdf;;;datasheet;
RX_Tri-Clamp_13LAH.pdf;;;datasheet;
RX_Tri-Clamp_13MHHM-D_SH.pdf;;;datasheet;
RX_Tri-Clamp_13MHHM-Q.pdf;;;datasheet;
RX_Tri-Clamp_13MHHS.pdf;;;datasheet;
RX_Tri-Clamp_13MHP.pdf;;;datasheet;
RX_Tube_DT-1_DT-4_19.pdf;;;datasheet;
RX_Y-Piece_Butt_Weld.pdf;;Y-Piece butt weld;datasheet;
SA_Silicone_Tubing_450_60.pdf;;SILICONE ALTIMEX SILICONE TUBING SA 450/60;datasheet;
SaniS_cap2v8_smb.pdf;SaniSure;CAP2V8 Sterile media bottle assembly;brochure;
SaniS_Clamp_Installation_Tool.pdf;SaniSure;Clamp installation tool;manual;Adresgegevens aanpassen
SaniS_StirBar.pdf;SaniSure;Gamma stable stir bars;datasheet;
SaniS_Transition.pdf;SaniSure;Trnasition from Stainless to Single Use Plastic components;brochure;
SaniSure_Catalog_Cap2v8.pdf;SaniSure;CAP2V8 Bottle Solutions;brochure;
SaniSure_Catalog_Cap2v8_centrifuge_tubes.pdf;SaniSure;CAP2V8 Bottle Solutions;brochure;
SaniSure_Catalog_Cap2v8_Shaker_flasks.pdf;SaniSure;CAP2V8 Bottle Solutions;brochure;
SaniSure-Bio-Ease-Clamp-2022.pdf;SaniSure;Bio-Ease Re-Usable Non-Metallic Clamp;datasheet;
SaniSure-Clamp-Datasheet-2022.pdf;SaniSure;CLAMP;datasheet;
SED_angle_seat_valves.pdf;SED;angle seat valve;datasheet;
SED_chromatography_block.pdf;SED;Multiport valves;datasheet;
SED_diaphragms.pdf;SED;Diaphragms;brochure;
SED_electrical_position_indicator_024_85.pdf;SED;ELECTRICAL POSITION INDICATOR TYPE 024.85;datasheet;
SED_electrical_position_indicator_024_90.pdf;SED;ELECTRICAL POSITION INDICATOR TYPE 024.90;datasheet;
SED_electropneumatic_positioner_024_16_420.pdf;SED;Electropneumatic Positioner ECOSIDE 024.16.420;datasheet;
SED_electropneumatic_positioner_024_16_7.pdf;SED;Electropneumatic Positioners ECOCENT 024.16.7;datasheet;
SED_inductive_position_indicator_024_86.pdf;SED;INDUCTIVE POSITION INDICATOR TYPE 024.86;datasheet;
SED_inductive_position_indicator_024_87.pdf;SED;INDUCTIVE POSITION INDICATOR TYPE 024.87;datasheet;
SED_KMA_295.pdf;SED;KMA 295;datasheet;
SED_KMA-190.pdf;SED;KMA 190;datasheet;
SED_KMA-195.pdf;SED;KMA 195;datasheet;
SED_KMA-205.pdf;SED;KMA 205;datasheet;
SED_KMA-395.pdf;SED;KMA 395;datasheet;
SED_KMA-495.pdf;SED;KMA 495;datasheet;
SED_KMA-995.pdf;SED;KMA 995;datasheet;
SED_KMD-188.pdf;SED;KMD 188;datasheet;
SED_KMD-385.pdf;SED;KMD 385;datasheet;
SED_KMD-402.pdf;SED;KMD 402;datasheet;
SED_KMD-982.pdf;SED;KMD 982;datasheet;
SED_KMD-985.pdf;SED;KMD 985;datasheet;
SED_Limit_switch_024_50.pdf;SED;Contact - Free limit switch 024.50;datasheet;
SED_Operating_instructions_limit_switch_024_50.pdf;SED;Operating instructions Electrical Limit switch A024.50.xxx Exi;manual;
SED_pilot_valve_600_605.pdf;SED;3-2 WAY-PLASTIC-PILOT-VALVE TYPE 600-605;datasheet;
SED_Positioner_024_63-65_instuction_manual.pdf;SED;Operating instructions position indicator type 024.63;manual;
SED_Selection_of_multiport_block_valves.pdf;SED;Multiport valves;datasheet;
SED_Steripur_397.pdf;SED;Steripur 397;datasheet;
SED_Steripur_907_Diaphragm_valve.pdf;SED;Steripur 907;datasheet;
SED_Steripur-206.pdf;SED;Steripur 206;datasheet;
SED_Steripur-207.pdf;SED;Steripur 207;datasheet;
SED_Steripur-217.pdf;SED;Steripur 217;datasheet;
SED_Steripur-307.pdf;SED;Steripur 307;datasheet;
SED_Steripur-317.pdf;SED;Steripur 317;datasheet;
SED_Steripur-397_KMA-295_KMD-289.pdf;SED;Steripur 397-KMA 295-KMD 289;datasheet;
SED_Steripur-407.pdf;SED;Steripur 407;datasheet;
SED_Steripur-417.pdf;SED;Steripur 417;datasheet;
SED_Steripur-997.pdf;SED;Steripur 997;datasheet;
SED_Steripur-KMA-905.pdf;SED;Steripur KMA 905;datasheet;
SED_surface_finish.pdf;SED;Surface finish;datasheet;
SED_Tandem_valves.pdf;SED;Tandem valves;datasheet;
SED_tank_valves.pdf;SED;Tank valves;datasheet;
SED_TD11_0020_Flowmeter_EasyFlow_en.pdf;SED;TD11 VARIABLE AREA FLOWMETER EASYFLOW;datasheet;
SED_TD16_0215_024_Positioner_024_63-65.pdf;SED;TD16 CONTROL HEAD SWITCH TYPE 024.63 - 024.65;datasheet;
SED_Twin_diaphragm_valve_for_filling.pdf;SED;Twin diaphragm valve for filling;datasheet;
SED-tank-valves-investment-cast.pdf;SED;Tank Valves in investment cast;datasheet;
short_concentric_reducers.pdf;;SHORT CONCENTRIC REDUCER C X C;datasheet;
Short_eccentric_reducer.pdf;;SHORT ECCENTRIC REDUCER C X C;datasheet;
Silicone_Gaskets.pdf;Rubber Fab;Silicone gaskets;datasheet;
SISTO-B_diaphragms.pdf;SISTO;B components;datasheet;
SISTO-C_2-way-body_8652.10-06.pdf;SISTO;C 2-way Valves;datasheet;
SISTO-C_Actuators_8652.10-06.pdf;SISTO;C Pneumatically operated Valves;datasheet;
SISTO-C_Bonnets_Handwheel_8652.10-06.pdf;SISTO;C Bonnets Manually operated valves;datasheet;
SISTO-C_Valve_assemblies_8652.10-06.pdf;SISTO;C Valve assemblies;datasheet;
SISTO-C-diaphragms.pdf;SISTO;C Diaphragms;datasheet;
SISTO-CY_Valves_8652.10-06.pdf;SISTO;CY Valves;datasheet;
SISTO-SK-i_booklet.pdf;SISTO;Actual-position Feedback Unit;datasheet;
Sono_SONOCHECK_ABD06.xx-2.pdf;SONOTEC;SONOCHECK Type ABD06.xx;datasheet;
Sono_ultrasonic_sensors_for_bioprocess_and_pharma_engl_.pdf;SONOTEC;Ultrasonic Sensors;brochure / datasheet;
SVF_OPUS_Steam_trap_valve.pdf;SVF;Series OPUSTM Ball Valve;datasheet;
SVF_SB7_Data_Sheet.pdf;SVF;Series SB7 Ball Valve;datasheet;
SVF_TSB7_Data_Sheet-2020.pdf;SVF;Series TSB7 Ball Valve;datasheet;
tank_valves.pdf;SED;Tank Valves;datasheet;
TBL_aSURE_Fittings.pdf;TBL;aSURE Fittings;datasheet;
TBL_aSURE_WFI_Sampler.pdf;TBL;aSURE WFI Sampler;datasheet;
TBL_Bio-Ease-Sanitary-Clamp-HD.pdf;TBL;Bio-Ease HD Tubing Clamp;datasheet;
TBL_CellGyn-TPE-Tubing.pdf;TBL;CellGyn Bioprocess Tubing;datasheet;
TBL_Cleargreen-Phthalate_free_vinyl_tubing.pdf;TBL;ClearGreen Phthalate free Vinyl Tubing;datasheet;
TBL_DEHP-Free-ClearGreen60-Tubing.pdf;TBL;ClearGreen 60 Phthalate Vinyl Tubing;datasheet;
TBL_Fluorapure-FEP-IND_Tubing.pdf;TBL;Fluor-A-Pure-IND;datasheet;
TBL_Fluor-A-Pure-PTFE_Tubing.pdf;TBL;PTFETM Polytetrafluoroethylene Tubing;datasheet;
TBL_Hytrel_lined_envir-a-line-xx.pdf;TBL;Envir-A-Line XX;datasheet;
TBL_pfa-tubing-fluor-a-pure.pdf;TBL;Fluor-A-Pure (HP);datasheet;
TBL_Pharm-A-Clear_C_Silicone_Tubing.pdf;TBL;Pharm-A-Clear C;datasheet;
TBL_Pharm-A-Clear_LH_Silicone_Tubing.pdf;TBL;Pharm-A-Clear LH;datasheet;
TBL_Pharm-A-Line-I-Brochure.pdf;TBL;Pharm-A-Line I;brochure;
TBL_Pharmaline-VI-XL_tubing.pdf;TBL;Pharm-A-Line VI & XL;datasheet;
TBL_PVDF-kynar_Tubing.pdf;TBL;PVDF KYNAR FLEX 2750 Tubing;datasheet;
TBL_Single-Use-Pressure-Sensor-Fitting-aSURE.pdf;TBL;aSURE Instrument Fitting;datasheet;
TBL-aSURE-Over-Molded-Hose-Brochure-032118.pdf;TBL;aSURE Sanitary Molded Hoses;datasheet;
TD2CA_Steam_Traps.pdf;ROMYNOX;TD2CA Steam Traps;datasheet;
td-soncheck-abd06-analog-output-en-sonotec.pdf;SONOTEC;SONOCHECK® ABD06.xxx with Analogue Output;datasheet;
td-sonoflow-co-55-v2-0-en-sonotec.pdf;SONOTEC;SONOFLOW® CO.55/xxxSD(H) V2.0;datasheet;
td-sonoflow-co-55-v2-0-stainless-display-en-sonotec.pdf;SONOTEC;SONOFLOW® CO.55/xxxSD(H) V2.0;datasheet;
td-sonoflow-il-52-v2-0-customized-en-sonotec.pdf;SONOTEC;SONOFLOW® IL.52/3 V2.0;datasheet;
td-sonoflow-il-52-v2-0-en-sonotec.pdf;SONOTEC;SONOFLOW® IL.52/3 V2.0;datasheet;
Thermocouples_Feedthru.pdf;;Thermocouples Feedthru;datasheet;
tk-luminaire.pdf;;TK Luminaire LS2024 LED9;datasheet;
Tri-Clamp_13LAH.pdf;;Tri-Clamp 13LAH;datasheet;
Tri-Clamp_13MHHM.pdf;;Tri-Clamp 13MHHM;datasheet;
Tri-Clamp_13MHHM_Q.pdf;;TRI-CLAMP 13MHHM Q;datasheet;
Tri-Clamp_13MHHM-D_SH.pdf;;Tri-Clamp 13MHHM-D (SH);datasheet;
Tri-Clamp_13MHHS.pdf;;Tri-Clamp 13MHHS;datasheet;
Tri-Clamp_13MHP.pdf;;Tri-Clamp 13MHP;datasheet;
Tri-Clamp_Safety_Clamps_SAF.pdf;;Tri-Clamp Safety Clamps SAF;datasheet;
Tri-Clamp_Safety_Clamps_SAFS.pdf;;Tri-Clamp Safety Clamps SAFS;datasheet;
tube_adapter_reducers_din-asme_bpe.pdf;;TUBE ADAPTER REDUCERS DIN TO ASME-BPE;datasheet;
tube_adapter_reducers_iso-asme_bpe.pdf;;TUBE ADAPTER REDUCERS ISO TO ASME-BPE;datasheet;
Tufflex_Gaskets.pdf;Rubber Fab;Tuf-Flex;datasheet;
Tufsteel_Gaskets.pdf;Rubber Fab;Tuf-Steel;datasheet;
VA_3120-3806-3807-Tubing_Sealer.pdf;Vante®;HAND-HELD MEDIUM/LARGE Tube Sealing System;datasheet;
VA_Sealer_4160_61_62.pdf;Vante®;TPE SEALER SYSTEM;datasheet;
VA_SEBRA-2380-1105.pdf;SEBRA®;HAND-HELD Battery powered RF Sealer;datasheet;
VA_SEBRA-2600-1105-2605_sealer.pdf;SEBRA®;BENCHTOP SEALER;datasheet;
Vante_Model_3960_Sterile_Connector_Spec_Sheet.pdf;Vante®;Sterile Connector;datasheet;
xt_speed-Flow-SI.pdf;;Speed flow si romynox ;datasheet;
Y-Piece_for_Autoclave_Applications.pdf;;;datasheet;Y-Piece_for_Autoclave_Applications.pdf
